Publication_date,Source,Scraped_category,Title,Summary,news_raw,Article_Url
11-09-2024,BBC,Home,The slow death of the screamerPosted13 hours ago13h,The slow death of the screamerPosted13 hours ago13h,The slow death of the screamerPosted13 hours ago13h,https://www.bbc.com/sport/extra/7ruba7shs4/the-slow-death-of-the-screamer
11-09-2024,BBC,Home,'Europe must keep Solheim momentum rolling'AttributionGolfPosted2 hours ago2h,'Europe must keep Solheim momentum rolling'AttributionGolfPosted2 hours ago2h,'Europe must keep Solheim momentum rolling'AttributionGolfPosted2 hours ago2h,https://www.bbc.com/sport/golf/articles/c80e8gjyrz1o
11-09-2024,BBC,Home,Brazil and Argentina lose in World Cup qualifying AttributionWorld CupPosted3 hours ago3h,Brazil and Argentina lose in World Cup qualifying AttributionWorld CupPosted3 hours ago3h,Brazil and Argentina lose in World Cup qualifying AttributionWorld CupPosted3 hours ago3h,https://www.bbc.com/sport/football/articles/cq5dvq5171vo
11-09-2024,BBC,Home,'Call me!' - the bosses who could revive your teamAttributionPremier LeaguePosted5 hours ago5h,'Call me!' - the bosses who could revive your teamAttributionPremier LeaguePosted5 hours ago5h,'Call me!' - the bosses who could revive your teamAttributionPremier LeaguePosted5 hours ago5h,https://www.bbc.com/sport/football/articles/ce380jklj44o
11-09-2024,BBC,Home,Craig gets 12-month ban after cocaine arrestAttributionHockeyPosted6 hours ago6h,Craig gets 12-month ban after cocaine arrestAttributionHockeyPosted6 hours ago6h,Craig gets 12-month ban after cocaine arrestAttributionHockeyPosted6 hours ago6h,https://www.bbc.com/sport/hockey/articles/cr5ng77p0r4o
11-09-2024,BBC,Home,'We are the trailblazers': The ex-players becoming refsAttributionFootballPosted4 hours ago4hComments54,'We are the trailblazers': The ex-players becoming refsAttributionFootballPosted4 hours ago4hComments54,'We are the trailblazers': The ex-players becoming refsAttributionFootballPosted4 hours ago4hComments54,https://www.bbc.com/sport/football/articles/cx2nd9zewx5o
11-09-2024,BBC,Home,‘Excitement & hope’ - but what challenges will USA boss Pochettino face?,Mauricio Pochettino's appointment as USA manager is being met with excitement and hope - but what challenges will he face?AttributionUSAPosted42 minutes ago42min,‘Excitement & hope’ - but what challenges will USA boss Pochettino face?Mauricio Pochettino's appointment as USA manager is being met with excitement and hope - but what challenges will he face?AttributionUSAPosted42 minutes ago42min,https://www.bbc.com/sport/football/articles/cz6xqgey07qo
11-09-2024,BBC,Home,'Fireworks expected as US seek Solheim success'AttributionGolfPosted12 hours ago12hComments107,'Fireworks expected as US seek Solheim success'AttributionGolfPosted12 hours ago12hComments107,'Fireworks expected as US seek Solheim success'AttributionGolfPosted12 hours ago12hComments107,https://www.bbc.com/sport/golf/articles/c7v52nq4y8do
11-09-2024,BBC,Home,'Carsley has put his stamp on England - job feels like his to lose'AttributionEngland MenPosted15 hours ago15hComments1405,'Carsley has put his stamp on England - job feels like his to lose'AttributionEngland MenPosted15 hours ago15hComments1405,'Carsley has put his stamp on England - job feels like his to lose'AttributionEngland MenPosted15 hours ago15hComments1405,https://www.bbc.com/sport/football/articles/c15gewlnvj3o
11-09-2024,BBC,Home,Arsenal's Odegaard set for at least three weeks outAttributionFootballPosted2 hours ago2h,Arsenal's Odegaard set for at least three weeks outAttributionFootballPosted2 hours ago2h,Arsenal's Odegaard set for at least three weeks outAttributionFootballPosted2 hours ago2h,https://www.bbc.com/sport/football/articles/c74l2r97l78o
11-09-2024,BBC,Home,England to open Six Nations defence against ItalyAttributionRugby UnionPosted2 hours ago2h,England to open Six Nations defence against ItalyAttributionRugby UnionPosted2 hours ago2h,England to open Six Nations defence against ItalyAttributionRugby UnionPosted2 hours ago2h,https://www.bbc.com/sport/rugby-union/articles/c80e8mj3475o
11-09-2024,BBC,Home,Technicality gives Raygun world number one rankingAttributionAustraliaPosted12 hours ago12h,Technicality gives Raygun world number one rankingAttributionAustraliaPosted12 hours ago12h,Technicality gives Raygun world number one rankingAttributionAustraliaPosted12 hours ago12h,https://www.bbc.com/news/articles/cn47e3pgr01o
11-09-2024,BBC,Home,I protected De Ligt by taking him off - Koeman,"Netherlands manager Ronald Koeman says he substituted Man Utd centre-back Matthijs de Ligt in Tuesday's draw with Germany to ""protect"" him.AttributionFootballPosted3 hours ago3h","I protected De Ligt by taking him off - KoemanNetherlands manager Ronald Koeman says he substituted Man Utd centre-back Matthijs de Ligt in Tuesday's draw with Germany to ""protect"" him.AttributionFootballPosted3 hours ago3h",https://www.bbc.com/sport/football/articles/cg4y6gp6kkxo
11-09-2024,BBC,Home,Honda and Alpine breach F1 cost-cap rulesAttributionFormula 1Posted3 hours ago3h,Honda and Alpine breach F1 cost-cap rulesAttributionFormula 1Posted3 hours ago3h,Honda and Alpine breach F1 cost-cap rulesAttributionFormula 1Posted3 hours ago3h,https://www.bbc.com/sport/formula1/articles/cn47e8l2897o
11-09-2024,BBC,Home,Stockport coach Mangan's Real Madrid move blockedAttributionFootballPosted3 hours ago3h,Stockport coach Mangan's Real Madrid move blockedAttributionFootballPosted3 hours ago3h,Stockport coach Mangan's Real Madrid move blockedAttributionFootballPosted3 hours ago3h,https://www.bbc.com/sport/football/articles/czxlv9ndvkdo
11-09-2024,BBC,Home,Draper left out of GB team for Davis Cup openerAttributionTennisPosted2 hours ago2h,Draper left out of GB team for Davis Cup openerAttributionTennisPosted2 hours ago2h,Draper left out of GB team for Davis Cup openerAttributionTennisPosted2 hours ago2h,https://www.bbc.com/sport/tennis/articles/c20rq56nnr9o
11-09-2024,BBC,Home,Republic of Ireland shirt 'too heavy' for some playersAttributionR. of Ireland MenPosted5 hours ago5h,Republic of Ireland shirt 'too heavy' for some playersAttributionR. of Ireland MenPosted5 hours ago5h,Republic of Ireland shirt 'too heavy' for some playersAttributionR. of Ireland MenPosted5 hours ago5h,https://www.bbc.com/sport/football/articles/cx29rl9zyxqo
11-09-2024,BBC,Home,NFL to review new Watson assault allegationAttributionAmerican FootballPosted18 hours ago18h,NFL to review new Watson assault allegationAttributionAmerican FootballPosted18 hours ago18h,NFL to review new Watson assault allegationAttributionAmerican FootballPosted18 hours ago18h,https://www.bbc.com/sport/american-football/articles/clywd5q9rkko
11-09-2024,BBC,Home,'Night belongs to him and his golden boots' - Kane's 100 caps in numbers,Captain Harry Kane becomes the first player to score two goals on his 100th appearance for England as he fires the Three Lions to victory over Finland in the Nations League.AttributionEngland MenPosted15 hours ago15hComments2033,'Night belongs to him and his golden boots' - Kane's 100 caps in numbersCaptain Harry Kane becomes the first player to score two goals on his 100th appearance for England as he fires the Three Lions to victory over Finland in the Nations League.AttributionEngland MenPosted15 hours ago15hComments2033,https://www.bbc.com/sport/football/articles/c36n934x5l6o
10-09-2024,BBC,Home,Will 'genius' Newey turn Aston Martin into winners?AttributionFormula 1Posted1 day ago1d,Will 'genius' Newey turn Aston Martin into winners?AttributionFormula 1Posted1 day ago1d,Will 'genius' Newey turn Aston Martin into winners?AttributionFormula 1Posted1 day ago1d,https://www.bbc.com/sport/formula1/articles/cy76rk5gndxo
11-09-2024,BBC,Home,How to follow 2024-25 WSL season on the BBCAttributionWomen's FootballPosted6 hours ago6h,How to follow 2024-25 WSL season on the BBCAttributionWomen's FootballPosted6 hours ago6h,How to follow 2024-25 WSL season on the BBCAttributionWomen's FootballPosted6 hours ago6h,https://www.bbc.com/sport/football/articles/c80edged5mmo
11-09-2024,BBC,Home,Bodycam video shows police pulling Miami's Hill from carAttributionUS & CanadaPosted3 hours ago3h,Bodycam video shows police pulling Miami's Hill from carAttributionUS & CanadaPosted3 hours ago3h,Bodycam video shows police pulling Miami's Hill from carAttributionUS & CanadaPosted3 hours ago3h,https://www.bbc.com/news/articles/c4gqnvj1v8lo
11-09-2024,BBC,Home,Antony keen to stay at Man Utd - Wednesday's gossipAttributionFootballPosted16 hours ago16h,Antony keen to stay at Man Utd - Wednesday's gossipAttributionFootballPosted16 hours ago16h,Antony keen to stay at Man Utd - Wednesday's gossipAttributionFootballPosted16 hours ago16h,https://www.bbc.com/sport/football/articles/cn02l8yy52jo
10-09-2024,BBC,Home,"'Genius' Stoute, iconic trainer of Shergar, to retireAttributionHorse RacingPosted1 day ago1d","'Genius' Stoute, iconic trainer of Shergar, to retireAttributionHorse RacingPosted1 day ago1d","'Genius' Stoute, iconic trainer of Shergar, to retireAttributionHorse RacingPosted1 day ago1d",https://www.bbc.com/sport/horse-racing/articles/czjyr71mlyko
10-09-2024,BBC,Home,Cox and Bethell to make England debuts v AustraliaAttributionCricketPosted1 day ago1dComments128,Cox and Bethell to make England debuts v AustraliaAttributionCricketPosted1 day ago1dComments128,Cox and Bethell to make England debuts v AustraliaAttributionCricketPosted1 day ago1dComments128,https://www.bbc.com/sport/cricket/articles/c5yp1xwx45lo
10-09-2024,BBC,Home,'The cash came up to my torso' -  tales of a match-fixer,"Moses Swaibu was one of the brightest prospects in Crystal Palace's youth ranks, but he ended up in a shady world of cash, danger and fixing rather than football's limelight.AttributionFootballPosted1 day ago1d","'The cash came up to my torso' -  tales of a match-fixerMoses Swaibu was one of the brightest prospects in Crystal Palace's youth ranks, but he ended up in a shady world of cash, danger and fixing rather than football's limelight.AttributionFootballPosted1 day ago1d",https://www.bbc.com/sport/football/articles/cd05385k722o
03-09-2024,BBC,Home,Saddling up on the high seas - the cyclists powering 50-mph yachtsPosted3 September3 SepComments207,Saddling up on the high seas - the cyclists powering 50-mph yachtsPosted3 September3 SepComments207,Saddling up on the high seas - the cyclists powering 50-mph yachtsPosted3 September3 SepComments207,https://www.bbc.com/sport/articles/c4ngydm1x55o
29-08-2024,BBC,Home,"Fury, hope and changing gear with a sword - Ukraine's Paris preparationsAttributionDisability SportPosted29 August29 Aug","Fury, hope and changing gear with a sword - Ukraine's Paris preparationsAttributionDisability SportPosted29 August29 Aug","Fury, hope and changing gear with a sword - Ukraine's Paris preparationsAttributionDisability SportPosted29 August29 Aug",https://www.bbc.com/sport/articles/cdd734dp7emo
28-08-2024,BBC,Home,"Paralysed by an ex-boyfriend, Otto rises as ParalympianAttributionDisability SportPosted28 August28 Aug","Paralysed by an ex-boyfriend, Otto rises as ParalympianAttributionDisability SportPosted28 August28 Aug","Paralysed by an ex-boyfriend, Otto rises as ParalympianAttributionDisability SportPosted28 August28 Aug",https://www.bbc.com/sport/archery/articles/cp089q32yrqo
27-08-2024,BBC,Home,How a Facebook advert changed a life and the look of a sportAttributionAmerican FootballPosted27 August27 Aug,How a Facebook advert changed a life and the look of a sportAttributionAmerican FootballPosted27 August27 Aug,How a Facebook advert changed a life and the look of a sportAttributionAmerican FootballPosted27 August27 Aug,https://www.bbc.com/sport/american-football/articles/c5yk93jkj4xo
22-08-2024,BBC,Home,East meets west London - the mentor who changed ChelseaAttributionChelseaPosted22 August22 Aug,East meets west London - the mentor who changed ChelseaAttributionChelseaPosted22 August22 Aug,East meets west London - the mentor who changed ChelseaAttributionChelseaPosted22 August22 Aug,https://www.bbc.com/sport/football/articles/c134587zl01o
20-08-2024,BBC,Home,East v West - Germany's drug-fuelled Cold War for medalsAttributionOlympic GamesPosted20 August20 Aug,East v West - Germany's drug-fuelled Cold War for medalsAttributionOlympic GamesPosted20 August20 Aug,East v West - Germany's drug-fuelled Cold War for medalsAttributionOlympic GamesPosted20 August20 Aug,https://www.bbc.com/sport/olympics/articles/crlrn9re3z5o
10-09-2024,BBC,Home,F1 Q&A: Will the title go down to the wire?AttributionFormula 1Posted1 day ago1d,F1 Q&A: Will the title go down to the wire?AttributionFormula 1Posted1 day ago1d,F1 Q&A: Will the title go down to the wire?AttributionFormula 1Posted1 day ago1d,https://www.bbc.com/sport/formula1/articles/c204reqez21o
10-09-2024,BBC,Home,The rise of padel and why it's so popularPosted1 day ago1d,The rise of padel and why it's so popularPosted1 day ago1d,The rise of padel and why it's so popularPosted1 day ago1d,https://www.bbc.com/sport/articles/crrlnlj8lrxo
10-09-2024,BBC,Home,Will cloud hang over Sinner's US Open victory?AttributionTennisPosted1 day ago1d,Will cloud hang over Sinner's US Open victory?AttributionTennisPosted1 day ago1d,Will cloud hang over Sinner's US Open victory?AttributionTennisPosted1 day ago1d,https://www.bbc.com/sport/tennis/articles/clyl02pwvj8o
09-09-2024,BBC,Home,The best pictures from the 2024 ParalympicsAttributionDisability SportPosted2 days ago2d,The best pictures from the 2024 ParalympicsAttributionDisability SportPosted2 days ago2d,The best pictures from the 2024 ParalympicsAttributionDisability SportPosted2 days ago2d,https://www.bbc.com/sport/extra/t2elhtsbjl/paralympics-2024-in-pictures
09-09-2024,BBC,Home,What will be the legacy of an 'amazing' Paralympics?AttributionDisability SportPosted2 days ago2d,What will be the legacy of an 'amazing' Paralympics?AttributionDisability SportPosted2 days ago2d,What will be the legacy of an 'amazing' Paralympics?AttributionDisability SportPosted2 days ago2d,https://www.bbc.com/sport/articles/crkm3kkm640o
03-04-2023,BBC,Home,Where and how to watch BBC NewsAttributionBBC World News: 24 hour news TV channelPosted3 April 20233 Apr 2023,Where and how to watch BBC NewsAttributionBBC World News: 24 hour news TV channelPosted3 April 20233 Apr 2023,Where and how to watch BBC NewsAttributionBBC World News: 24 hour news TV channelPosted3 April 20233 Apr 2023,https://www.bbc.com/news/world-radio-and-tv-14563857
11-09-2024,BBC,Football,Brazil and Argentina lose in World Cup qualifying AttributionWorld CupPosted3 hours ago3h,Brazil and Argentina lose in World Cup qualifying AttributionWorld CupPosted3 hours ago3h,Brazil and Argentina lose in World Cup qualifying AttributionWorld CupPosted3 hours ago3h,https://www.bbc.com/sport/football/articles/cq5dvq5171vo
11-09-2024,BBC,Football,‘Excitement & hope’ - but what challenges will USA boss Pochettino face?AttributionUSAPosted43 minutes ago43min,‘Excitement & hope’ - but what challenges will USA boss Pochettino face?AttributionUSAPosted43 minutes ago43min,‘Excitement & hope’ - but what challenges will USA boss Pochettino face?AttributionUSAPosted43 minutes ago43min,https://www.bbc.com/sport/football/articles/cz6xqgey07qo
11-09-2024,BBC,Football,Stockport coach Mangan's Real Madrid move blockedAttributionFootballPosted3 hours ago3h,Stockport coach Mangan's Real Madrid move blockedAttributionFootballPosted3 hours ago3h,Stockport coach Mangan's Real Madrid move blockedAttributionFootballPosted3 hours ago3h,https://www.bbc.com/sport/football/articles/czxlv9ndvkdo
11-09-2024,BBC,Football,'Carsley has put his stamp on England - job feels like his to lose'AttributionEngland MenPosted15 hours ago15hComments1405,'Carsley has put his stamp on England - job feels like his to lose'AttributionEngland MenPosted15 hours ago15hComments1405,'Carsley has put his stamp on England - job feels like his to lose'AttributionEngland MenPosted15 hours ago15hComments1405,https://www.bbc.com/sport/football/articles/c15gewlnvj3o
11-09-2024,BBC,Football,Arsenal's Odegaard set for at least three weeks outAttributionFootballPosted2 hours ago2h,Arsenal's Odegaard set for at least three weeks outAttributionFootballPosted2 hours ago2h,Arsenal's Odegaard set for at least three weeks outAttributionFootballPosted2 hours ago2h,https://www.bbc.com/sport/football/articles/c74l2r97l78o
11-09-2024,BBC,Football,I protected De Ligt by taking him off - KoemanAttributionFootballPosted3 hours ago3h,I protected De Ligt by taking him off - KoemanAttributionFootballPosted3 hours ago3h,I protected De Ligt by taking him off - KoemanAttributionFootballPosted3 hours ago3h,https://www.bbc.com/sport/football/articles/cg4y6gp6kkxo
11-09-2024,BBC,Football,Is captain Tavernier nearing the end at Rangers?AttributionRangersPosted2 hours ago2h,Is captain Tavernier nearing the end at Rangers?AttributionRangersPosted2 hours ago2h,Is captain Tavernier nearing the end at Rangers?AttributionRangersPosted2 hours ago2h,https://www.bbc.com/sport/football/articles/ce9zkmndg1po
11-09-2024,BBC,Football,Antony keen to stay at Man Utd - Wednesday's gossipAttributionFootballPosted16 hours ago16h,Antony keen to stay at Man Utd - Wednesday's gossipAttributionFootballPosted16 hours ago16h,Antony keen to stay at Man Utd - Wednesday's gossipAttributionFootballPosted16 hours ago16h,https://www.bbc.com/sport/football/articles/cn02l8yy52jo
11-09-2024,BBC,Football,'Call me!' - the bosses who could revive your team,"With the football season in full swing, BBC Sport looks at the out-of-work bosses 
available when the managerial merry-go-round kicks in.AttributionPremier LeaguePosted5 hours ago5h","'Call me!' - the bosses who could revive your teamWith the football season in full swing, BBC Sport looks at the out-of-work bosses 
available when the managerial merry-go-round kicks in.AttributionPremier LeaguePosted5 hours ago5h",https://www.bbc.com/sport/football/articles/ce380jklj44o
11-09-2024,BBC,Football,'Night belongs to him and his golden boots' - Kane's 100 caps in numbersAttributionEngland MenPosted15 hours ago15hComments2033,'Night belongs to him and his golden boots' - Kane's 100 caps in numbersAttributionEngland MenPosted15 hours ago15hComments2033,'Night belongs to him and his golden boots' - Kane's 100 caps in numbersAttributionEngland MenPosted15 hours ago15hComments2033,https://www.bbc.com/sport/football/articles/c36n934x5l6o
11-09-2024,BBC,Football,Republic of Ireland shirt 'too heavy' for some playersAttributionR. of Ireland MenPosted5 hours ago5h,Republic of Ireland shirt 'too heavy' for some playersAttributionR. of Ireland MenPosted5 hours ago5h,Republic of Ireland shirt 'too heavy' for some playersAttributionR. of Ireland MenPosted5 hours ago5h,https://www.bbc.com/sport/football/articles/cx29rl9zyxqo
11-09-2024,BBC,Football,'We are the trailblazers': The ex-players becoming refsAttributionFootballPosted4 hours ago4hComments54,'We are the trailblazers': The ex-players becoming refsAttributionFootballPosted4 hours ago4hComments54,'We are the trailblazers': The ex-players becoming refsAttributionFootballPosted4 hours ago4hComments54,https://www.bbc.com/sport/football/articles/cx2nd9zewx5o
11-09-2024,BBC,Football,How to watch and follow 2024-25 WSL season on the BBC,"The Women's Super League returns for a new season on 20 September, with champions Chelsea starting their title defence against Aston Villa.AttributionWomen's FootballPosted6 hours ago6h","How to watch and follow 2024-25 WSL season on the BBCThe Women's Super League returns for a new season on 20 September, with champions Chelsea starting their title defence against Aston Villa.AttributionWomen's FootballPosted6 hours ago6h",https://www.bbc.com/sport/football/articles/c80edged5mmo
11-09-2024,BBC,Football,Pochettino named new boss of US men's teamAttributionUSAPosted15 hours ago15hComments284,Pochettino named new boss of US men's teamAttributionUSAPosted15 hours ago15hComments284,Pochettino named new boss of US men's teamAttributionUSAPosted15 hours ago15hComments284,https://www.bbc.com/sport/football/articles/c9d1ewle7z1o
11-09-2024,BBC,Football,Skinner defends Man Utd Women training facilitiesAttributionWomen's FootballPosted8 hours ago8h,Skinner defends Man Utd Women training facilitiesAttributionWomen's FootballPosted8 hours ago8h,Skinner defends Man Utd Women training facilitiesAttributionWomen's FootballPosted8 hours ago8h,https://www.bbc.com/sport/football/articles/c77l2j80ev2o
11-09-2024,BBC,Football,"Man Utd, Mourinho & France - Gomes' route to England debutAttributionFootballPosted14 hours ago14h","Man Utd, Mourinho & France - Gomes' route to England debutAttributionFootballPosted14 hours ago14h","Man Utd, Mourinho & France - Gomes' route to England debutAttributionFootballPosted14 hours ago14h",https://www.bbc.com/sport/football/articles/c3d9zx37zgvo
11-09-2024,BBC,Football,Half of fans have experienced sexism at matches - surveyAttributionWomen's FootballPosted2 hours ago2h,Half of fans have experienced sexism at matches - surveyAttributionWomen's FootballPosted2 hours ago2h,Half of fans have experienced sexism at matches - surveyAttributionWomen's FootballPosted2 hours ago2h,https://www.bbc.com/sport/football/articles/cged31vjqy2o
11-09-2024,BBC,Football,Ake taken off on stretcher in Netherlands draw with GermanyAttributionFootballPosted16 hours ago16hComments99,Ake taken off on stretcher in Netherlands draw with GermanyAttributionFootballPosted16 hours ago16hComments99,Ake taken off on stretcher in Netherlands draw with GermanyAttributionFootballPosted16 hours ago16hComments99,https://www.bbc.com/sport/football/live/cvgxywj90lxt
11-09-2024,BBC,Football,White asked not to be contacted by England - CarsleyAttributionFootballPosted15 hours ago15h,White asked not to be contacted by England - CarsleyAttributionFootballPosted15 hours ago15h,White asked not to be contacted by England - CarsleyAttributionFootballPosted15 hours ago15h,https://www.bbc.com/sport/football/articles/cdey1z0py12o
11-09-2024,BBC,Football,Kane scores twice on 100th appearance as England beat Finland,Harry Kane scores twice for England on 100th England appearance as Three Lions beat Finland 2-0 in Nations League.AttributionFootballPosted16 hours ago16hComments1195,Kane scores twice on 100th appearance as England beat FinlandHarry Kane scores twice for England on 100th England appearance as Three Lions beat Finland 2-0 in Nations League.AttributionFootballPosted16 hours ago16hComments1195,https://www.bbc.com/sport/football/live/c4ge7mpdwk0t
10-09-2024,BBC,Football,'The cash came up to my torso' -  tales of a match-fixerAttributionFootballPosted1 day ago1d,'The cash came up to my torso' -  tales of a match-fixerAttributionFootballPosted1 day ago1d,'The cash came up to my torso' -  tales of a match-fixerAttributionFootballPosted1 day ago1d,https://www.bbc.com/sport/football/articles/cd05385k722o
11-09-2024,BBC,Football,Republic of Ireland 'sick' of losing - Collins AttributionIrish FootballPosted16 hours ago16hComments256,Republic of Ireland 'sick' of losing - Collins AttributionIrish FootballPosted16 hours ago16hComments256,Republic of Ireland 'sick' of losing - Collins AttributionIrish FootballPosted16 hours ago16hComments256,https://www.bbc.com/sport/articles/ce817zn17rjo
10-09-2024,BBC,Football,"Bellamy, The Bear and the 'non-negotiables' of WalesAttributionWales MenPosted1 day ago1d","Bellamy, The Bear and the 'non-negotiables' of WalesAttributionWales MenPosted1 day ago1d","Bellamy, The Bear and the 'non-negotiables' of WalesAttributionWales MenPosted1 day ago1d",https://www.bbc.com/sport/football/articles/c86lz5j24ldo
10-09-2024,BBC,Football,What we've learned about each Scottish Premiership club so farAttributionScottish PremPosted21 hours ago21h,What we've learned about each Scottish Premiership club so farAttributionScottish PremPosted21 hours ago21h,What we've learned about each Scottish Premiership club so farAttributionScottish PremPosted21 hours ago21h,https://www.bbc.com/sport/football/articles/ce805vx1dnyo
11-09-2024,BBC,Football,What are priorities for new WSL company this season? AttributionWomen's FootballPosted14 hours ago14h,What are priorities for new WSL company this season? AttributionWomen's FootballPosted14 hours ago14h,What are priorities for new WSL company this season? AttributionWomen's FootballPosted14 hours ago14h,https://www.bbc.com/sport/football/articles/c8er0w48kn0o
10-09-2024,BBC,Football,Ask your WSL transfer deadline day questionsAttributionWomen's FootballPosted1 day ago1d,Ask your WSL transfer deadline day questionsAttributionWomen's FootballPosted1 day ago1d,Ask your WSL transfer deadline day questionsAttributionWomen's FootballPosted1 day ago1d,https://www.bbc.com/sport/football/articles/cm2nrrkd5xxo
22-08-2024,BBC,Football,East meets west London - the mentor who changed Chelsea,Vinay Menon knew nothing about football when he went for a meeting at a West London mansion in 2009. A few weeks later he was in the heart of the Chelsea dressing room.AttributionChelseaPosted22 August22 Aug,East meets west London - the mentor who changed ChelseaVinay Menon knew nothing about football when he went for a meeting at a West London mansion in 2009. A few weeks later he was in the heart of the Chelsea dressing room.AttributionChelseaPosted22 August22 Aug,https://www.bbc.com/sport/football/articles/c134587zl01o
15-08-2024,BBC,Football,The air crash and the underdogs - a triumph for a lost generationAttributionAfrica SportPosted15 August15 Aug,The air crash and the underdogs - a triumph for a lost generationAttributionAfrica SportPosted15 August15 Aug,The air crash and the underdogs - a triumph for a lost generationAttributionAfrica SportPosted15 August15 Aug,https://www.bbc.com/sport/football/articles/czrgm6grxvlo
13-08-2024,BBC,Football,The rise and fall of North Korea - the sleeping giant of women's footballAttributionWomen's World CupPosted13 August13 Aug,The rise and fall of North Korea - the sleeping giant of women's footballAttributionWomen's World CupPosted13 August13 Aug,The rise and fall of North Korea - the sleeping giant of women's footballAttributionWomen's World CupPosted13 August13 Aug,https://www.bbc.com/sport/football/articles/c4ngy9xjpzro
04-07-2024,BBC,Football,Chasing the 'Ghost' - a superstar struck down by lightningAttributionFA CupPosted4 July4 JulComments60,Chasing the 'Ghost' - a superstar struck down by lightningAttributionFA CupPosted4 July4 JulComments60,Chasing the 'Ghost' - a superstar struck down by lightningAttributionFA CupPosted4 July4 JulComments60,https://www.bbc.com/sport/football/articles/cv2gd3jr387o
28-06-2024,BBC,Football,Panenka - the penalty that killed a career and started a feudAttributionEuropean FootballPosted28 June28 Jun,Panenka - the penalty that killed a career and started a feudAttributionEuropean FootballPosted28 June28 Jun,Panenka - the penalty that killed a career and started a feudAttributionEuropean FootballPosted28 June28 Jun,https://www.bbc.com/sport/football/articles/crgglxwge10o
20-06-2024,BBC,Football,The awkward questions behind Hungary's football revivalAttributionEuropean FootballPosted20 June20 Jun,The awkward questions behind Hungary's football revivalAttributionEuropean FootballPosted20 June20 Jun,The awkward questions behind Hungary's football revivalAttributionEuropean FootballPosted20 June20 Jun,https://www.bbc.com/sport/football/articles/cekk4zp5rg8o
09-07-2024,BBC,Football,'No limitations' - Mbappe and a mission of a lifetimeAttributionFootballPosted9 July9 JulComments428,'No limitations' - Mbappe and a mission of a lifetimeAttributionFootballPosted9 July9 JulComments428,'No limitations' - Mbappe and a mission of a lifetimeAttributionFootballPosted9 July9 JulComments428,https://www.bbc.com/sport/football/articles/cv22kx63y9vo
11-09-2024,BBC,Football,Stockport coach Mangan's Real Madrid move blocked,Stockport assistant coach Andy Mangan is denied a move to Real Madrid after his work permit is rejected.AttributionFootballPosted3 hours ago3h,Stockport coach Mangan's Real Madrid move blockedStockport assistant coach Andy Mangan is denied a move to Real Madrid after his work permit is rejected.AttributionFootballPosted3 hours ago3h,https://www.bbc.com/sport/football/articles/czxlv9ndvkdo
10-09-2024,BBC,Football,Aston Villa defend Champions League ticket pricesAttributionAston VillaPosted23 hours ago23hComments832,Aston Villa defend Champions League ticket pricesAttributionAston VillaPosted23 hours ago23hComments832,Aston Villa defend Champions League ticket pricesAttributionAston VillaPosted23 hours ago23hComments832,https://www.bbc.com/sport/football/articles/cn0ldxngke2o
09-09-2024,BBC,Football,Rodrygo 'upset' by Ballon d'Or shortlist omissionAttributionReal MadridPosted2 days ago2d,Rodrygo 'upset' by Ballon d'Or shortlist omissionAttributionReal MadridPosted2 days ago2d,Rodrygo 'upset' by Ballon d'Or shortlist omissionAttributionReal MadridPosted2 days ago2d,https://www.bbc.com/sport/football/articles/cj9lkz9g4exo
08-09-2024,BBC,Football,Arsenal beat Rosenborg to progress in Women's Champions LeagueAttributionWomen's FootballPosted3 days ago3dComments90,Arsenal beat Rosenborg to progress in Women's Champions LeagueAttributionWomen's FootballPosted3 days ago3dComments90,Arsenal beat Rosenborg to progress in Women's Champions LeagueAttributionWomen's FootballPosted3 days ago3dComments90,https://www.bbc.com/sport/football/live/c0jpyx27zxwt
08-09-2024,BBC,Football,Eidevall concerned by scheduling in Europe and WSLAttributionWomen's FootballPosted3 days ago3d,Eidevall concerned by scheduling in Europe and WSLAttributionWomen's FootballPosted3 days ago3d,Eidevall concerned by scheduling in Europe and WSLAttributionWomen's FootballPosted3 days ago3d,https://www.bbc.com/sport/football/articles/c79w0r2g5e8o
08-09-2024,BBC,Football,Celtic ease past Gintra in Women's Champions LeagueAttributionScottish Women's FootballPosted3 days ago3d,Celtic ease past Gintra in Women's Champions LeagueAttributionScottish Women's FootballPosted3 days ago3d,Celtic ease past Gintra in Women's Champions LeagueAttributionScottish Women's FootballPosted3 days ago3d,https://www.bbc.com/sport/football/live/cgky6lpdd5kt
07-09-2024,BBC,Football,Rangers lose WCL play-off to Atletico MadridAttributionScottish Women's FootballPosted4 days ago4d,Rangers lose WCL play-off to Atletico MadridAttributionScottish Women's FootballPosted4 days ago4d,Rangers lose WCL play-off to Atletico MadridAttributionScottish Women's FootballPosted4 days ago4d,https://www.bbc.com/sport/football/live/cwy4l02wj1jt
04-09-2024,BBC,Football,How to solve the Salah-Haaland dilemma – FPL talking pointsAttributionPremier LeaguePosted7 days ago4 SepComments151,How to solve the Salah-Haaland dilemma – FPL talking pointsAttributionPremier LeaguePosted7 days ago4 SepComments151,How to solve the Salah-Haaland dilemma – FPL talking pointsAttributionPremier LeaguePosted7 days ago4 SepComments151,https://www.bbc.com/sport/football/articles/cwyx0xe27z0o
04-09-2024,BBC,Football,"Osimhen made Napoli believe, so why is he heading to Galatasaray?AttributionNapoliPosted7 days ago4 Sep","Osimhen made Napoli believe, so why is he heading to Galatasaray?AttributionNapoliPosted7 days ago4 Sep","Osimhen made Napoli believe, so why is he heading to Galatasaray?AttributionNapoliPosted7 days ago4 Sep",https://www.bbc.com/sport/football/articles/c3rdyjed5jyo
05-09-2024,BBC,Football,What have we learned from every team's first three Premier League games?AttributionFootballPosted6 days ago4 SepComments1054,What have we learned from every team's first three Premier League games?AttributionFootballPosted6 days ago4 SepComments1054,What have we learned from every team's first three Premier League games?AttributionFootballPosted6 days ago4 SepComments1054,https://www.bbc.com/sport/football/articles/c6236l7dng5o
02-09-2024,BBC,Football,"The games, goals and quotes that defined Bellamy's Wales daysAttributionWales MenPosted2 September2 Sep","The games, goals and quotes that defined Bellamy's Wales daysAttributionWales MenPosted2 September2 Sep","The games, goals and quotes that defined Bellamy's Wales daysAttributionWales MenPosted2 September2 Sep",https://www.bbc.com/sport/football/articles/crmwpdxepxdo
01-09-2024,BBC,Football,Who has made Troy's Premier League team of the week?AttributionPremier LeaguePosted1 September1 SepComments813,Who has made Troy's Premier League team of the week?AttributionPremier LeaguePosted1 September1 SepComments813,Who has made Troy's Premier League team of the week?AttributionPremier LeaguePosted1 September1 SepComments813,https://www.bbc.com/sport/football/articles/cy4y143j12jo
11-09-2024,BBC,Football,Is captain Tavernier nearing the end at Rangers?,Is James Tavernier's spell at Rangers coming to an end? A question that remains live even after the transfer window has closed.AttributionRangersPosted2 hours ago2h,Is captain Tavernier nearing the end at Rangers?Is James Tavernier's spell at Rangers coming to an end? A question that remains live even after the transfer window has closed.AttributionRangersPosted2 hours ago2h,https://www.bbc.com/sport/football/articles/ce9zkmndg1po
10-09-2024,BBC,Football,What we've learned about each Premiership club so farAttributionScottish PremPosted21 hours ago21h,What we've learned about each Premiership club so farAttributionScottish PremPosted21 hours ago21h,What we've learned about each Premiership club so farAttributionScottish PremPosted21 hours ago21h,https://www.bbc.com/sport/football/articles/ce805vx1dnyo
11-09-2024,BBC,Football,St Mirren's Gillespie not joining Rangers - gossipAttributionScottish PremPosted7 hours ago7h,St Mirren's Gillespie not joining Rangers - gossipAttributionScottish PremPosted7 hours ago7h,St Mirren's Gillespie not joining Rangers - gossipAttributionScottish PremPosted7 hours ago7h,https://www.bbc.com/sport/football/articles/c1epw0qxll2o
11-09-2024,BBC,Football,Engels not fazed by record Celtic price tagAttributionCelticPosted19 hours ago19h,Engels not fazed by record Celtic price tagAttributionCelticPosted19 hours ago19h,Engels not fazed by record Celtic price tagAttributionCelticPosted19 hours ago19h,https://www.bbc.com/sport/football/articles/cgm738zmpklo
10-09-2024,BBC,Football,Former Scotland manager Burley being treated for cancerAttributionPremier LeaguePosted1 day ago1d,Former Scotland manager Burley being treated for cancerAttributionPremier LeaguePosted1 day ago1d,Former Scotland manager Burley being treated for cancerAttributionPremier LeaguePosted1 day ago1d,https://www.bbc.com/sport/football/articles/cgl2r4k8zewo
10-09-2024,BBC,Football,Celtic have 'enormous' Women's Champions League chanceAttributionFootballPosted21 hours ago21h,Celtic have 'enormous' Women's Champions League chanceAttributionFootballPosted21 hours ago21h,Celtic have 'enormous' Women's Champions League chanceAttributionFootballPosted21 hours ago21h,https://www.bbc.com/sport/football/articles/c207ve65e4qo
11-09-2024,BBC,Football,How to watch and follow 2024-25 WSL season on the BBCAttributionWomen's FootballPosted6 hours ago6h,How to watch and follow 2024-25 WSL season on the BBCAttributionWomen's FootballPosted6 hours ago6h,How to watch and follow 2024-25 WSL season on the BBCAttributionWomen's FootballPosted6 hours ago6h,https://www.bbc.com/sport/football/articles/c80edged5mmo
11-09-2024,BBC,Football,Skinner defends Man Utd Women training facilitiesAttributionWomen's FootballPosted8 hours ago8h,Skinner defends Man Utd Women training facilitiesAttributionWomen's FootballPosted8 hours ago8h,Skinner defends Man Utd Women training facilitiesAttributionWomen's FootballPosted8 hours ago8h,https://www.bbc.com/sport/football/articles/c77l2j80ev2o
11-09-2024,BBC,Football,What are priorities for new WSL company this season? AttributionWomen's FootballPosted14 hours ago14h,What are priorities for new WSL company this season? AttributionWomen's FootballPosted14 hours ago14h,What are priorities for new WSL company this season? AttributionWomen's FootballPosted14 hours ago14h,https://www.bbc.com/sport/football/articles/c8er0w48kn0o
10-09-2024,BBC,Football,Celtic have 'enormous' Women's Champions League chanceAttributionFootballPosted21 hours ago21h,Celtic have 'enormous' Women's Champions League chanceAttributionFootballPosted21 hours ago21h,Celtic have 'enormous' Women's Champions League chanceAttributionFootballPosted21 hours ago21h,https://www.bbc.com/sport/football/articles/c207ve65e4qo
10-09-2024,BBC,Football,Fahey and Kiernan sign new Liverpool contractsAttributionR. of Ireland WomenPosted1 day ago1d,Fahey and Kiernan sign new Liverpool contractsAttributionR. of Ireland WomenPosted1 day ago1d,Fahey and Kiernan sign new Liverpool contractsAttributionR. of Ireland WomenPosted1 day ago1d,https://www.bbc.com/sport/football/articles/cx2e87ngpxjo
10-09-2024,BBC,Football,Ask your WSL transfer deadline day questionsAttributionWomen's FootballPosted1 day ago1d,Ask your WSL transfer deadline day questionsAttributionWomen's FootballPosted1 day ago1d,Ask your WSL transfer deadline day questionsAttributionWomen's FootballPosted1 day ago1d,https://www.bbc.com/sport/football/articles/cm2nrrkd5xxo
11-09-2024,BBC,Cricket,Ireland v England - third women's ODI scorecardPosted13 hours ago13h,Ireland v England - third women's ODI scorecardPosted13 hours ago13h,Ireland v England - third women's ODI scorecardPosted13 hours ago13h,https://www.bbc.com/sport/cricket/scorecard/e-221611
11-09-2024,BBC,Cricket,Notts sign New Zealand seamer Duffy for run inAttributionCounty CricketPosted5 hours ago5h,Notts sign New Zealand seamer Duffy for run inAttributionCounty CricketPosted5 hours ago5h,Notts sign New Zealand seamer Duffy for run inAttributionCounty CricketPosted5 hours ago5h,https://www.bbc.com/sport/cricket/articles/cp8n6138dnxo
11-09-2024,BBC,Cricket,Losing Sadler 'not easy' for Northants - KleinveldtAttributionNorthantsPosted4 hours ago4h,Losing Sadler 'not easy' for Northants - KleinveldtAttributionNorthantsPosted4 hours ago4h,Losing Sadler 'not easy' for Northants - KleinveldtAttributionNorthantsPosted4 hours ago4h,https://www.bbc.com/sport/cricket/articles/cn8l37352k3o
10-09-2024,BBC,Cricket,England drop batter Lawrence for Pakistan tourAttributionCricketPosted1 day ago1dComments942,England drop batter Lawrence for Pakistan tourAttributionCricketPosted1 day ago1dComments942,England drop batter Lawrence for Pakistan tourAttributionCricketPosted1 day ago1dComments942,https://www.bbc.com/sport/cricket/articles/ckg2r984vlmo
10-09-2024,BBC,Cricket,Cox and Bethell to make England debuts v Australia,Batter Jordan Cox and 20-year-old batting all-rounder Jacob Bethell will make their England debuts in the first T20 against Australia on Wednesday in Southampton.AttributionCricketPosted1 day ago1dComments128,Cox and Bethell to make England debuts v AustraliaBatter Jordan Cox and 20-year-old batting all-rounder Jacob Bethell will make their England debuts in the first T20 against Australia on Wednesday in Southampton.AttributionCricketPosted1 day ago1dComments128,https://www.bbc.com/sport/cricket/articles/c5yp1xwx45lo
11-09-2024,BBC,Cricket,Third successive day of Afghanistan-NZ Test washed outPosted13 hours ago13h,Third successive day of Afghanistan-NZ Test washed outPosted13 hours ago13h,Third successive day of Afghanistan-NZ Test washed outPosted13 hours ago13h,https://www.bbc.com/sport/cricket/scorecard/e-222562
11-09-2024,BBC,Cricket,Cricket ground goes green in solar power switchAttributionHampshire & Isle of WightPosted9 hours ago9hComments1,Cricket ground goes green in solar power switchAttributionHampshire & Isle of WightPosted9 hours ago9hComments1,Cricket ground goes green in solar power switchAttributionHampshire & Isle of WightPosted9 hours ago9hComments1,https://www.bbc.com/news/articles/cz07krz2z42o
10-09-2024,BBC,Cricket,"Bears opener Davies passes 1,000 runs at WorcesterAttributionCricketPosted21 hours ago21hComments20","Bears opener Davies passes 1,000 runs at WorcesterAttributionCricketPosted21 hours ago21hComments20","Bears opener Davies passes 1,000 runs at WorcesterAttributionCricketPosted21 hours ago21hComments20",https://www.bbc.com/sport/cricket/articles/clywl47xe1go
10-09-2024,BBC,Cricket,Pepper pushes Essex to big total against NottsAttributionCricketPosted21 hours ago21hComments12,Pepper pushes Essex to big total against NottsAttributionCricketPosted21 hours ago21hComments12,Pepper pushes Essex to big total against NottsAttributionCricketPosted21 hours ago21hComments12,https://www.bbc.com/sport/cricket/articles/c3vxqnq3gw7o
11-09-2024,BBC,Cricket,Durham's Bedingham and Ackermann dominate LancsAttributionCricketPosted19 hours ago19hComments32,Durham's Bedingham and Ackermann dominate LancsAttributionCricketPosted19 hours ago19hComments32,Durham's Bedingham and Ackermann dominate LancsAttributionCricketPosted19 hours ago19hComments32,https://www.bbc.com/sport/cricket/articles/c93pzxv329lo
10-09-2024,BBC,Cricket,'Don't make Coldplay comparison - England should aim for winning mentality',"England's defeat against Sri Lanka was careless rather than a crisis, but it proves they need to find a ruthlessness, says Stephan Shemilt.AttributionEnglandPosted1 day ago1dComments640","'Don't make Coldplay comparison - England should aim for winning mentality'England's defeat against Sri Lanka was careless rather than a crisis, but it proves they need to find a ruthlessness, says Stephan Shemilt.AttributionEnglandPosted1 day ago1dComments640",https://www.bbc.com/sport/cricket/articles/c623y6115zvo
10-09-2024,BBC,Cricket,Prest hits century as Hampshire pile pressure on KentAttributionCricketPosted20 hours ago20hComments23,Prest hits century as Hampshire pile pressure on KentAttributionCricketPosted20 hours ago20hComments23,Prest hits century as Hampshire pile pressure on KentAttributionCricketPosted20 hours ago20hComments23,https://www.bbc.com/sport/cricket/articles/c4gl1w1j0peo
10-09-2024,BBC,Cricket,Sussex skipper Simpson sparkles in gloom against GlamorganAttributionCricketPosted21 hours ago21hComments9,Sussex skipper Simpson sparkles in gloom against GlamorganAttributionCricketPosted21 hours ago21hComments9,Sussex skipper Simpson sparkles in gloom against GlamorganAttributionCricketPosted21 hours ago21hComments9,https://www.bbc.com/sport/cricket/articles/cdx63rxyg6yo
10-09-2024,BBC,Cricket,Tattersall tightens Yorkshire grip at Grace RoadAttributionCricketPosted22 hours ago22hComments8,Tattersall tightens Yorkshire grip at Grace RoadAttributionCricketPosted22 hours ago22hComments8,Tattersall tightens Yorkshire grip at Grace RoadAttributionCricketPosted22 hours ago22hComments8,https://www.bbc.com/sport/cricket/articles/c33nxmnmkrxo
10-09-2024,BBC,Cricket,Ollie Price & weather frustrate Middlesex at Lord'sAttributionCricketPosted21 hours ago21hComments6,Ollie Price & weather frustrate Middlesex at Lord'sAttributionCricketPosted21 hours ago21hComments6,Ollie Price & weather frustrate Middlesex at Lord'sAttributionCricketPosted21 hours ago21hComments6,https://www.bbc.com/sport/cricket/articles/cd059k5e2d5o
10-09-2024,BBC,Cricket,Northants stretch lead against DerbyshireAttributionCricketPosted20 hours ago20hComments6,Northants stretch lead against DerbyshireAttributionCricketPosted20 hours ago20hComments6,Northants stretch lead against DerbyshireAttributionCricketPosted20 hours ago20hComments6,https://www.bbc.com/sport/cricket/articles/c79wp79xz5do
10-09-2024,BBC,Cricket,"Women's T20 World Cup squads, including England, India & AustraliaAttributionCricketPosted1 day ago1d","Women's T20 World Cup squads, including England, India & AustraliaAttributionCricketPosted1 day ago1d","Women's T20 World Cup squads, including England, India & AustraliaAttributionCricketPosted1 day ago1d",https://www.bbc.com/sport/cricket/articles/ckgw4g2yp6lo
10-05-2024,BBC,Cricket,Forthcoming international cricket toursAttributionCricketPosted10 May10 May,Forthcoming international cricket toursAttributionCricketPosted10 May10 May,Forthcoming international cricket toursAttributionCricketPosted10 May10 May,https://www.bbc.com/sport/cricket/articles/cpvgry25z77o
02-10-2023,BBC,Cricket,County ins and outsAttributionCountiesPosted2 October 20232 Oct 2023,County ins and outsAttributionCountiesPosted2 October 20232 Oct 2023,County ins and outsAttributionCountiesPosted2 October 20232 Oct 2023,https://www.bbc.com/sport/cricket/66613767
08-07-2019,BBC,Cricket,"ICC Test, ODI and T20 rankingsAttributionCricketPosted8 July 20198 Jul 2019","ICC Test, ODI and T20 rankingsAttributionCricketPosted8 July 20198 Jul 2019","ICC Test, ODI and T20 rankingsAttributionCricketPosted8 July 20198 Jul 2019",https://www.bbc.com/sport/cricket/28970884
11-09-2024,BBC,Formula 1,Honda and Alpine breach F1 cost-cap rules,"Engine manufacturers Honda and Alpine have committed a “procedural breach” of the Formula 1 cost-cap regulations, says governing body the FIA.AttributionFormula 1Posted3 hours ago3h","Honda and Alpine breach F1 cost-cap rulesEngine manufacturers Honda and Alpine have committed a “procedural breach” of the Formula 1 cost-cap regulations, says governing body the FIA.AttributionFormula 1Posted3 hours ago3h",https://www.bbc.com/sport/formula1/articles/cn47e8l2897o
10-09-2024,BBC,Formula 1,Will 'genius' Newey turn Aston Martin into winners?AttributionFormula 1Posted1 day ago1d,Will 'genius' Newey turn Aston Martin into winners?AttributionFormula 1Posted1 day ago1d,Will 'genius' Newey turn Aston Martin into winners?AttributionFormula 1Posted1 day ago1d,https://www.bbc.com/sport/formula1/articles/cy76rk5gndxo
10-09-2024,BBC,Formula 1,F1 design great Newey joins Aston MartinAttributionFormula 1Posted1 day ago1dComments702,F1 design great Newey joins Aston MartinAttributionFormula 1Posted1 day ago1dComments702,F1 design great Newey joins Aston MartinAttributionFormula 1Posted1 day ago1dComments702,https://www.bbc.com/sport/formula1/articles/c3rdgl74z5eo
10-09-2024,BBC,Formula 1,F1 Q&A: Will the title go down to the wire?AttributionFormula 1Posted1 day ago1d,F1 Q&A: Will the title go down to the wire?AttributionFormula 1Posted1 day ago1d,F1 Q&A: Will the title go down to the wire?AttributionFormula 1Posted1 day ago1d,https://www.bbc.com/sport/formula1/articles/c204reqez21o
08-09-2024,BBC,Formula 1,£30m a year - why F1 designer is one of sport's highest-earning BritonsAttributionFormula 1Posted3 days ago3dComments849,£30m a year - why F1 designer is one of sport's highest-earning BritonsAttributionFormula 1Posted3 days ago3dComments849,£30m a year - why F1 designer is one of sport's highest-earning BritonsAttributionFormula 1Posted3 days ago3dComments849,https://www.bbc.com/sport/articles/czrxgll23w9o
09-09-2024,BBC,Formula 1,How to follow Azerbaijan Grand Prix on the BBCAttributionFormula 1Posted2 days ago2d,How to follow Azerbaijan Grand Prix on the BBCAttributionFormula 1Posted2 days ago2d,How to follow Azerbaijan Grand Prix on the BBCAttributionFormula 1Posted2 days ago2d,https://www.bbc.com/sport/formula1/articles/c5ylnede9ljo
07-09-2024,BBC,Formula 1,Newey commits to £30m-a-year Aston Martin dealAttributionFormula 1Posted4 days ago4d,Newey commits to £30m-a-year Aston Martin dealAttributionFormula 1Posted4 days ago4d,Newey commits to £30m-a-year Aston Martin dealAttributionFormula 1Posted4 days ago4d,https://www.bbc.com/sport/formula1/articles/c4gqd8lz9g1o
06-09-2024,BBC,Formula 1,Bearman to replace Magnussen at Haas in AzerbaijanAttributionFormula 1Posted5 days ago5d,Bearman to replace Magnussen at Haas in AzerbaijanAttributionFormula 1Posted5 days ago5d,Bearman to replace Magnussen at Haas in AzerbaijanAttributionFormula 1Posted5 days ago5d,https://www.bbc.com/sport/formula1/articles/c80en9mj4pdo
05-09-2024,BBC,Formula 1,Serra named Ferrari chassis technical directorAttributionFormula 1Posted6 days ago6d,Serra named Ferrari chassis technical directorAttributionFormula 1Posted6 days ago6d,Serra named Ferrari chassis technical directorAttributionFormula 1Posted6 days ago6d,https://www.bbc.com/sport/formula1/articles/cp8n73jpg0do
03-09-2024,BBC,Formula 1,Complaints about McLaren and Mercedes front wings rejected AttributionFormula 1Posted3 September3 Sep,Complaints about McLaren and Mercedes front wings rejected AttributionFormula 1Posted3 September3 Sep,Complaints about McLaren and Mercedes front wings rejected AttributionFormula 1Posted3 September3 Sep,https://www.bbc.com/sport/formula1/articles/c3w6y694406o
01-09-2024,BBC,Formula 1,McLaren consider team orders to aid Norris title bid,"McLaren are to consider imposing team orders to help Lando Norris overhaul Max Verstappen, who says his Red Bull is ""undriveable"".AttributionFormula 1Posted1 September1 SepComments886","McLaren consider team orders to aid Norris title bidMcLaren are to consider imposing team orders to help Lando Norris overhaul Max Verstappen, who says his Red Bull is ""undriveable"".AttributionFormula 1Posted1 September1 SepComments886",https://www.bbc.com/sport/formula1/articles/cvg3z3zxgq4o
01-09-2024,BBC,Formula 1,Leclerc beats Piastri and Norris for home Ferrari winAttributionFormula 1Posted1 September1 SepComments1295,Leclerc beats Piastri and Norris for home Ferrari winAttributionFormula 1Posted1 September1 SepComments1295,Leclerc beats Piastri and Norris for home Ferrari winAttributionFormula 1Posted1 September1 SepComments1295,https://www.bbc.com/sport/formula1/articles/c1l590r59l9o
01-09-2024,BBC,Formula 1,Audi sets 'more realistic' target for F1 teamAttributionFormula 1Posted1 September1 Sep,Audi sets 'more realistic' target for F1 teamAttributionFormula 1Posted1 September1 Sep,Audi sets 'more realistic' target for F1 teamAttributionFormula 1Posted1 September1 Sep,https://www.bbc.com/sport/formula1/articles/cze5xzpn931o
01-09-2024,BBC,Formula 1,Magnussen banned for exceeding penalty point limitAttributionFormula 1Posted1 September1 Sep,Magnussen banned for exceeding penalty point limitAttributionFormula 1Posted1 September1 Sep,Magnussen banned for exceeding penalty point limitAttributionFormula 1Posted1 September1 Sep,https://www.bbc.com/sport/formula1/articles/cn5r35v90nno
03-09-2024,BBC,Formula 1,F1 Q&A: Can Red Bull recover from loss in form?AttributionFormula 1Posted3 September3 Sep,F1 Q&A: Can Red Bull recover from loss in form?AttributionFormula 1Posted3 September3 Sep,F1 Q&A: Can Red Bull recover from loss in form?AttributionFormula 1Posted3 September3 Sep,https://www.bbc.com/sport/formula1/articles/cgl2dl536nzo
01-09-2024,BBC,Formula 1,Norris eyes 'opportunity' to close title gap on VerstappenAttributionFormula 1Posted1 September1 Sep,Norris eyes 'opportunity' to close title gap on VerstappenAttributionFormula 1Posted1 September1 Sep,Norris eyes 'opportunity' to close title gap on VerstappenAttributionFormula 1Posted1 September1 Sep,https://www.bbc.com/sport/formula1/articles/cr5n1r3plzdo
31-08-2024,BBC,Formula 1,Antonelli can do 'great things' as Hamilton's replacementAttributionFormula 1Posted31 August31 AugComments281,Antonelli can do 'great things' as Hamilton's replacementAttributionFormula 1Posted31 August31 AugComments281,Antonelli can do 'great things' as Hamilton's replacementAttributionFormula 1Posted31 August31 AugComments281,https://www.bbc.com/sport/formula1/articles/c4gvd336rzdo
31-08-2024,BBC,Formula 1,Norris on Italian GP pole with Verstappen seventh,"Lando Norris leads a McLaren one-two in Italian Grand Prix qualifying, with title rival Max Verstappen’s Red Bull in seventh.AttributionFormula 1Posted31 August31 AugComments1200","Norris on Italian GP pole with Verstappen seventhLando Norris leads a McLaren one-two in Italian Grand Prix qualifying, with title rival Max Verstappen’s Red Bull in seventh.AttributionFormula 1Posted31 August31 AugComments1200",https://www.bbc.com/sport/formula1/articles/c0l8e46e5l0o
29-08-2024,BBC,Formula 1,'I barely eat on Sundays' - title hopeful Norris on beating nervesAttributionFormula 1Posted29 August29 Aug,'I barely eat on Sundays' - title hopeful Norris on beating nervesAttributionFormula 1Posted29 August29 Aug,'I barely eat on Sundays' - title hopeful Norris on beating nervesAttributionFormula 1Posted29 August29 Aug,https://www.bbc.com/sport/formula1/articles/clyg19kng1po
29-08-2024,BBC,Formula 1,Mercedes and Verstappen 'keep open communication' over future move - WolffAttributionFormula 1Posted29 August29 Aug,Mercedes and Verstappen 'keep open communication' over future move - WolffAttributionFormula 1Posted29 August29 Aug,Mercedes and Verstappen 'keep open communication' over future move - WolffAttributionFormula 1Posted29 August29 Aug,https://www.bbc.com/sport/formula1/articles/clylz1e7yx8o
29-08-2024,BBC,Formula 1,Renault staff to strike at plans to end F1 engine programmeAttributionFormula 1Posted29 August29 Aug,Renault staff to strike at plans to end F1 engine programmeAttributionFormula 1Posted29 August29 Aug,Renault staff to strike at plans to end F1 engine programmeAttributionFormula 1Posted29 August29 Aug,https://www.bbc.com/sport/formula1/articles/cly3gnp5nvpo
27-08-2024,BBC,Formula 1,F1 Q&A: Can Norris still narrow gap to win Championship?AttributionFormula 1Posted27 August27 Aug,F1 Q&A: Can Norris still narrow gap to win Championship?AttributionFormula 1Posted27 August27 Aug,F1 Q&A: Can Norris still narrow gap to win Championship?AttributionFormula 1Posted27 August27 Aug,https://www.bbc.com/sport/formula1/articles/cm2n76gyxnyo
27-08-2024,BBC,Formula 1,Williams replace Sargeant with F2 driver ColapintoAttributionFormula 1Posted27 August27 AugComments430,Williams replace Sargeant with F2 driver ColapintoAttributionFormula 1Posted27 August27 AugComments430,Williams replace Sargeant with F2 driver ColapintoAttributionFormula 1Posted27 August27 AugComments430,https://www.bbc.com/sport/formula1/articles/c3vxek6v192o
11-09-2024,BBC,Rugby U,Top-five challenge shows Scots' progress - ThomsonAttributionScottish RugbyPosted6 hours ago6h,Top-five challenge shows Scots' progress - ThomsonAttributionScottish RugbyPosted6 hours ago6h,Top-five challenge shows Scots' progress - ThomsonAttributionScottish RugbyPosted6 hours ago6h,https://www.bbc.com/sport/rugby-union/articles/c623p86ngw8o
11-09-2024,BBC,Rugby U,Williamson appointed new Scottish Rugby CEOAttributionScottish RugbyPosted4 hours ago4h,Williamson appointed new Scottish Rugby CEOAttributionScottish RugbyPosted4 hours ago4h,Williamson appointed new Scottish Rugby CEOAttributionScottish RugbyPosted4 hours ago4h,https://www.bbc.com/sport/rugby-union/articles/cg4y6g5qze0o
11-09-2024,BBC,Rugby U,West aims to help Northampton pack improveAttributionN'hamptonPosted59 minutes ago59min,West aims to help Northampton pack improveAttributionN'hamptonPosted59 minutes ago59min,West aims to help Northampton pack improveAttributionN'hamptonPosted59 minutes ago59min,https://www.bbc.com/sport/rugby-union/articles/cgjv3p7ve3wo
11-09-2024,BBC,Rugby U,Exeter sign Irish forward Moloney after trialAttributionRugby UnionPosted2 hours ago2h,Exeter sign Irish forward Moloney after trialAttributionRugby UnionPosted2 hours ago2h,Exeter sign Irish forward Moloney after trialAttributionRugby UnionPosted2 hours ago2h,https://www.bbc.com/sport/rugby-union/articles/c8rx7470lg1o
10-09-2024,BBC,Rugby U,RFU to cut 42 staff in bid to balance booksAttributionRugby UnionPosted1 day ago1d,RFU to cut 42 staff in bid to balance booksAttributionRugby UnionPosted1 day ago1d,RFU to cut 42 staff in bid to balance booksAttributionRugby UnionPosted1 day ago1d,https://www.bbc.com/sport/rugby-union/articles/c1l50n4027jo
10-09-2024,BBC,Rugby U,Wade has Premiership try record 'in sights',"New Gloucester winger Christian Wade says the Premiership try-scoring record is ""in his sights"" as he returns to the league.AttributionGloucesterPosted1 day ago1d","Wade has Premiership try record 'in sights'New Gloucester winger Christian Wade says the Premiership try-scoring record is ""in his sights"" as he returns to the league.AttributionGloucesterPosted1 day ago1d",https://www.bbc.com/sport/rugby-union/articles/c33nxmdmy2yo
10-09-2024,BBC,Rugby U,Ex-Scotland captain Hogg charged with stalkingAttributionSouth ScotlandPosted22 hours ago22h,Ex-Scotland captain Hogg charged with stalkingAttributionSouth ScotlandPosted22 hours ago22h,Ex-Scotland captain Hogg charged with stalkingAttributionSouth ScotlandPosted22 hours ago22h,https://www.bbc.com/news/articles/cwyx5l7465lo
10-09-2024,BBC,Rugby U,Allianz win would boost World Cup belief - BreachAttributionRugby UnionPosted22 hours ago22h,Allianz win would boost World Cup belief - BreachAttributionRugby UnionPosted22 hours ago22h,Allianz win would boost World Cup belief - BreachAttributionRugby UnionPosted22 hours ago22h,https://www.bbc.com/sport/rugby-union/articles/ckg2r0yvdeeo
11-09-2024,BBC,Rugby U,Tumour forces Wassell out of Scotland WXV 2 squadAttributionScottish RugbyPosted19 hours ago19h,Tumour forces Wassell out of Scotland WXV 2 squadAttributionScottish RugbyPosted19 hours ago19h,Tumour forces Wassell out of Scotland WXV 2 squadAttributionScottish RugbyPosted19 hours ago19h,https://www.bbc.com/sport/rugby-union/articles/c623pzy3376o
10-09-2024,BBC,Rugby U,Changing roles for Ospreys duo Morgan and TipuricAttributionOspreysPosted22 hours ago22h,Changing roles for Ospreys duo Morgan and TipuricAttributionOspreysPosted22 hours ago22h,Changing roles for Ospreys duo Morgan and TipuricAttributionOspreysPosted22 hours ago22h,https://www.bbc.com/sport/rugby-union/articles/cwy50gg72z2o
10-09-2024,BBC,Rugby U,England finessing key areas for NZ test - Hunter,"Defence coach Sarah Hunter says England have pinpointed aspects of their game to ""finesse"" before Saturday's WXV1 match against world champions New Zealand at Allianz Stadium.AttributionRugby UnionPosted1 day ago1d","England finessing key areas for NZ test - HunterDefence coach Sarah Hunter says England have pinpointed aspects of their game to ""finesse"" before Saturday's WXV1 match against world champions New Zealand at Allianz Stadium.AttributionRugby UnionPosted1 day ago1d",https://www.bbc.com/sport/rugby-union/articles/cly3k93007vo
09-09-2024,BBC,Rugby U,Cheika ‘embracing’ challenge of Tigers' reputationAttributionLeicesterPosted2 days ago2d,Cheika ‘embracing’ challenge of Tigers' reputationAttributionLeicesterPosted2 days ago2d,Cheika ‘embracing’ challenge of Tigers' reputationAttributionLeicesterPosted2 days ago2d,https://www.bbc.com/sport/rugby-union/articles/cql3nk9dkk1o
09-09-2024,BBC,Rugby U,'My mouth is watering' - Black Ferns wing Tui on England challengeAttributionRugby UnionPosted2 days ago2d,'My mouth is watering' - Black Ferns wing Tui on England challengeAttributionRugby UnionPosted2 days ago2d,'My mouth is watering' - Black Ferns wing Tui on England challengeAttributionRugby UnionPosted2 days ago2d,https://www.bbc.com/sport/rugby-union/articles/ce80kk1j3xpo
09-09-2024,BBC,Rugby U,Springboks captain Kolisi rejoins Sharks from Racing 92AttributionRugby UnionPosted2 days ago2d,Springboks captain Kolisi rejoins Sharks from Racing 92AttributionRugby UnionPosted2 days ago2d,Springboks captain Kolisi rejoins Sharks from Racing 92AttributionRugby UnionPosted2 days ago2d,https://www.bbc.com/sport/rugby-union/articles/c9qgzv2er28o
09-09-2024,BBC,Rugby U,Saracens sign Wales international JohnAttributionSaracensPosted2 days ago2d,Saracens sign Wales international JohnAttributionSaracensPosted2 days ago2d,Saracens sign Wales international JohnAttributionSaracensPosted2 days ago2d,https://www.bbc.com/sport/rugby-union/articles/cx2x35ly988o
10-09-2024,BBC,Rugby U,Saints captaincy gives Furbank 'extra motivation'AttributionN'hamptonPosted1 day ago1d,Saints captaincy gives Furbank 'extra motivation'AttributionN'hamptonPosted1 day ago1d,Saints captaincy gives Furbank 'extra motivation'AttributionN'hamptonPosted1 day ago1d,https://www.bbc.com/sport/rugby-union/articles/c0qexgw9jgpo
08-09-2024,BBC,Rugby U,Argentina condemn Australia to biggest Test defeatAttributionRugby UnionPosted3 days ago3dComments372,Argentina condemn Australia to biggest Test defeatAttributionRugby UnionPosted3 days ago3dComments372,Argentina condemn Australia to biggest Test defeatAttributionRugby UnionPosted3 days ago3dComments372,https://www.bbc.com/sport/rugby-union/articles/cpw8lk9djd7o
11-09-2024,BBC,Tennis,Draper left out of GB team for Davis Cup openerAttributionTennisPosted2 hours ago2h,Draper left out of GB team for Davis Cup openerAttributionTennisPosted2 hours ago2h,Draper left out of GB team for Davis Cup openerAttributionTennisPosted2 hours ago2h,https://www.bbc.com/sport/tennis/articles/c20rq56nnr9o
10-09-2024,BBC,Tennis,Will cloud hang over Sinner's US Open victory?AttributionTennisPosted1 day ago1d,Will cloud hang over Sinner's US Open victory?AttributionTennisPosted1 day ago1d,Will cloud hang over Sinner's US Open victory?AttributionTennisPosted1 day ago1d,https://www.bbc.com/sport/tennis/articles/clyl02pwvj8o
09-09-2024,BBC,Tennis,Relaxed Murray surprised he does not miss playingAttributionTennisPosted2 days ago2d,Relaxed Murray surprised he does not miss playingAttributionTennisPosted2 days ago2d,Relaxed Murray surprised he does not miss playingAttributionTennisPosted2 days ago2d,https://www.bbc.com/sport/tennis/articles/c935z101lq9o
10-09-2024,BBC,Tennis,Watch GB in Davis Cup action on BBCAttributionTennisPosted1 day ago1d,Watch GB in Davis Cup action on BBCAttributionTennisPosted1 day ago1d,Watch GB in Davis Cup action on BBCAttributionTennisPosted1 day ago1d,https://www.bbc.com/sport/tennis/articles/cdrle8zymy5o
09-09-2024,BBC,Tennis,Sinner savours US Open win after 'difficult' build-upAttributionTennisPosted2 days ago2d,Sinner savours US Open win after 'difficult' build-upAttributionTennisPosted2 days ago2d,Sinner savours US Open win after 'difficult' build-upAttributionTennisPosted2 days ago2d,https://www.bbc.com/sport/tennis/articles/cvg5dpm1yy5o
08-09-2024,BBC,Tennis,Draper to look into sickness issuesAttributionTennisPosted3 days ago3d,Draper to look into sickness issuesAttributionTennisPosted3 days ago3d,Draper to look into sickness issuesAttributionTennisPosted3 days ago3d,https://www.bbc.com/sport/tennis/articles/c7v5400dmdpo
09-09-2024,BBC,Tennis,Sinner storms past Fritz to win first US Open titleAttributionTennisPosted2 days ago2d,Sinner storms past Fritz to win first US Open titleAttributionTennisPosted2 days ago2d,Sinner storms past Fritz to win first US Open titleAttributionTennisPosted2 days ago2d,https://www.bbc.com/sport/tennis/articles/cje259yn5w5o
08-09-2024,BBC,Tennis,Sabalenka 'living best life' after solving US Open strugglesAttributionTennisPosted3 days ago3d,Sabalenka 'living best life' after solving US Open strugglesAttributionTennisPosted3 days ago3d,Sabalenka 'living best life' after solving US Open strugglesAttributionTennisPosted3 days ago3d,https://www.bbc.com/sport/tennis/articles/c204lz9dv1eo
10-09-2024,BBC,Tennis,The rise of padel and why it's so popularPosted1 day ago1d,The rise of padel and why it's so popularPosted1 day ago1d,The rise of padel and why it's so popularPosted1 day ago1d,https://www.bbc.com/sport/articles/crrlnlj8lrxo
08-09-2024,BBC,Tennis,GB's Hewett beaten in Paralympic final thrillerAttributionDisability SportPosted3 days ago3d,GB's Hewett beaten in Paralympic final thrillerAttributionDisability SportPosted3 days ago3d,GB's Hewett beaten in Paralympic final thrillerAttributionDisability SportPosted3 days ago3d,https://www.bbc.com/sport/tennis/articles/c5y85gp3k70o
08-09-2024,BBC,Tennis,British teen Stojsavljevic wins US Open junior titleAttributionTennisPosted3 days ago3d,British teen Stojsavljevic wins US Open junior titleAttributionTennisPosted3 days ago3d,British teen Stojsavljevic wins US Open junior titleAttributionTennisPosted3 days ago3d,https://www.bbc.com/sport/tennis/articles/cpvyed0zrgpo
08-09-2024,BBC,Tennis,GB's Burrage wins on return from injury,Great Britain's Jodie Burrage earns a win on her return to action after six months out because of injury.AttributionTennisPosted3 days ago3d,GB's Burrage wins on return from injuryGreat Britain's Jodie Burrage earns a win on her return to action after six months out because of injury.AttributionTennisPosted3 days ago3d,https://www.bbc.com/sport/tennis/articles/cgl27824278o
07-09-2024,BBC,Tennis,Sickness 'worst feeling' but Slam success close - DraperAttributionTennisPosted4 days ago4d,Sickness 'worst feeling' but Slam success close - DraperAttributionTennisPosted4 days ago4d,Sickness 'worst feeling' but Slam success close - DraperAttributionTennisPosted4 days ago4d,https://www.bbc.com/sport/tennis/articles/cn9lwd01v52o
08-09-2024,BBC,Tennis,Sabalenka holds off Pegula to win first US Open titleAttributionTennisPosted3 days ago3d,Sabalenka holds off Pegula to win first US Open titleAttributionTennisPosted3 days ago3d,Sabalenka holds off Pegula to win first US Open titleAttributionTennisPosted3 days ago3d,https://www.bbc.com/sport/tennis/articles/cql3w40gkxvo
07-09-2024,BBC,Tennis,Sick Draper loses to Sinner in dramatic US Open semi-finalAttributionTennisPosted4 days ago4dComments1178,Sick Draper loses to Sinner in dramatic US Open semi-finalAttributionTennisPosted4 days ago4dComments1178,Sick Draper loses to Sinner in dramatic US Open semi-finalAttributionTennisPosted4 days ago4dComments1178,https://www.bbc.com/sport/tennis/articles/c049kw6dln5o
07-09-2024,BBC,Tennis,Fritz ends 15-year American wait for male Slam singles finalistAttributionTennisPosted4 days ago4d,Fritz ends 15-year American wait for male Slam singles finalistAttributionTennisPosted4 days ago4d,Fritz ends 15-year American wait for male Slam singles finalistAttributionTennisPosted4 days ago4d,https://www.bbc.com/sport/tennis/articles/c7850d0njlpo
06-09-2024,BBC,Tennis,Pegula fights back to set up US Open final against SabalenkaAttributionTennisPosted5 days ago5d,Pegula fights back to set up US Open final against SabalenkaAttributionTennisPosted5 days ago5d,Pegula fights back to set up US Open final against SabalenkaAttributionTennisPosted5 days ago5d,https://www.bbc.com/sport/tennis/articles/c0qevpnvlz8o
06-09-2024,BBC,Tennis,From hothead to warrior - Draper's journey to US Open semisAttributionTennisPosted5 days ago5d,From hothead to warrior - Draper's journey to US Open semisAttributionTennisPosted5 days ago5d,From hothead to warrior - Draper's journey to US Open semisAttributionTennisPosted5 days ago5d,https://www.bbc.com/sport/tennis/articles/czjyl4y1z4mo
07-09-2024,BBC,Tennis,Kichenok wins doubles title after postponing wedding,Lyudmyla Kichenok wins the US Open women's doubles title with Jelena Ostapenko - just two days after postponing her wedding to continue competing.AttributionTennisPosted4 days ago4d,Kichenok wins doubles title after postponing weddingLyudmyla Kichenok wins the US Open women's doubles title with Jelena Ostapenko - just two days after postponing her wedding to continue competing.AttributionTennisPosted4 days ago4d,https://www.bbc.com/sport/tennis/articles/ce81l8y4djjo
07-09-2024,BBC,Tennis,Paralympic gold 'stuff of dreams' for Hewett & ReidAttributionDisability SportPosted4 days ago4d,Paralympic gold 'stuff of dreams' for Hewett & ReidAttributionDisability SportPosted4 days ago4d,Paralympic gold 'stuff of dreams' for Hewett & ReidAttributionDisability SportPosted4 days ago4d,https://www.bbc.com/sport/tennis/articles/cwy3qkwkk4go
07-09-2024,BBC,Tennis,British teen Stojsavljevic reaches US Open junior finalAttributionTennisPosted4 days ago4d,British teen Stojsavljevic reaches US Open junior finalAttributionTennisPosted4 days ago4d,British teen Stojsavljevic reaches US Open junior finalAttributionTennisPosted4 days ago4d,https://www.bbc.com/sport/tennis/articles/cz6x46w4z7vo
05-09-2024,BBC,Tennis,'Finally!' - Pegula stuns Swiatek to reach first Slam semi-finalAttributionTennisPosted6 days ago6d,'Finally!' - Pegula stuns Swiatek to reach first Slam semi-finalAttributionTennisPosted6 days ago6d,'Finally!' - Pegula stuns Swiatek to reach first Slam semi-finalAttributionTennisPosted6 days ago6d,https://www.bbc.com/sport/tennis/articles/cq8211dd5v0o
05-09-2024,BBC,Tennis,Sinner beats Medvedev to set up Draper semi-finalAttributionTennisPosted6 days ago6d,Sinner beats Medvedev to set up Draper semi-finalAttributionTennisPosted6 days ago6d,Sinner beats Medvedev to set up Draper semi-finalAttributionTennisPosted6 days ago6d,https://www.bbc.com/sport/tennis/articles/cd73w7xzlrvo
05-09-2024,BBC,Tennis,How Britain's Draper became US Open semi-finalistAttributionTennisPosted6 days ago6d,How Britain's Draper became US Open semi-finalistAttributionTennisPosted6 days ago6d,How Britain's Draper became US Open semi-finalistAttributionTennisPosted6 days ago6d,https://www.bbc.com/sport/tennis/articles/cwy7enk947xo
02-09-2024,BBC,Tennis,Gauff suffers serving woes as US Open title defence endsAttributionTennisPosted2 September2 Sep,Gauff suffers serving woes as US Open title defence endsAttributionTennisPosted2 September2 Sep,Gauff suffers serving woes as US Open title defence endsAttributionTennisPosted2 September2 Sep,https://www.bbc.com/sport/tennis/articles/c8dp8qj3egmo
06-09-2024,BBC,Tennis,No caffeine or smartphones - the secrets of Draper's success,"BBC tennis correspondent Russell Fuller looks at the team and the sacrifices behind ""absolute tennis keeno"" Jack Draper's run to the US Open semi-finals.AttributionTennisPosted5 days ago5d","No caffeine or smartphones - the secrets of Draper's successBBC tennis correspondent Russell Fuller looks at the team and the sacrifices behind ""absolute tennis keeno"" Jack Draper's run to the US Open semi-finals.AttributionTennisPosted5 days ago5d",https://www.bbc.com/sport/tennis/articles/czdpm0rdqyjo
23-08-2024,BBC,Tennis,When Murray was crowned the boy king of QueensAttributionTennisPosted23 August23 Aug,When Murray was crowned the boy king of QueensAttributionTennisPosted23 August23 Aug,When Murray was crowned the boy king of QueensAttributionTennisPosted23 August23 Aug,https://www.bbc.com/sport/tennis/articles/cz9wky1gdq4o
01-08-2024,BBC,Tennis,The people v Andy Murray: Four weeks that changed him and usAttributionTennisPosted1 August1 Aug,The people v Andy Murray: Four weeks that changed him and usAttributionTennisPosted1 August1 Aug,The people v Andy Murray: Four weeks that changed him and usAttributionTennisPosted1 August1 Aug,https://www.bbc.com/sport/tennis/articles/c3g527q1z0vo
01-08-2024,BBC,Tennis,'Compelling on and off court' - a decade on tour with MurrayAttributionTennisPosted1 August1 Aug,'Compelling on and off court' - a decade on tour with MurrayAttributionTennisPosted1 August1 Aug,'Compelling on and off court' - a decade on tour with MurrayAttributionTennisPosted1 August1 Aug,https://www.bbc.com/sport/tennis/articles/c4nn1d30098o
11-07-2024,BBC,Tennis,"'Emotional, cruel, euphoric' - the incredible semi-finalAttributionTennisPosted11 July11 JulComments225","'Emotional, cruel, euphoric' - the incredible semi-finalAttributionTennisPosted11 July11 JulComments225","'Emotional, cruel, euphoric' - the incredible semi-finalAttributionTennisPosted11 July11 JulComments225",https://www.bbc.com/sport/tennis/articles/c978jmrj2j6o
14-06-2024,BBC,Tennis,"Federer on rivalries, retirements and the EurosAttributionTennisPosted14 June14 Jun","Federer on rivalries, retirements and the EurosAttributionTennisPosted14 June14 Jun","Federer on rivalries, retirements and the EurosAttributionTennisPosted14 June14 Jun",https://www.bbc.com/sport/tennis/articles/c722dwp47ppo
02-06-2024,BBC,Tennis,'Tennis finishing at 3am is unhealthy'AttributionTennisPosted2 June2 Jun,'Tennis finishing at 3am is unhealthy'AttributionTennisPosted2 June2 Jun,'Tennis finishing at 3am is unhealthy'AttributionTennisPosted2 June2 Jun,https://www.bbc.com/sport/tennis/articles/cpeel0nvy5xo
11-09-2024,BBC,Golf,'Europe must keep Solheim momentum rolling',Captain Suzann Pettersen says she will keep her assertive captaincy style as she attempts to steer Europe to Solheim Cup victory over the USA in Virginia.AttributionGolfPosted2 hours ago2h,'Europe must keep Solheim momentum rolling'Captain Suzann Pettersen says she will keep her assertive captaincy style as she attempts to steer Europe to Solheim Cup victory over the USA in Virginia.AttributionGolfPosted2 hours ago2h,https://www.bbc.com/sport/golf/articles/c80e8gjyrz1o
11-09-2024,BBC,Golf,'Fireworks expected as US seek Solheim success'AttributionGolfPosted12 hours ago12hComments107,'Fireworks expected as US seek Solheim success'AttributionGolfPosted12 hours ago12hComments107,'Fireworks expected as US seek Solheim success'AttributionGolfPosted12 hours ago12hComments107,https://www.bbc.com/sport/golf/articles/c7v52nq4y8do
11-09-2024,BBC,Golf,US team has 'unfinished business' with Europe - KordaAttributionGolfPosted18 hours ago18hComments51,US team has 'unfinished business' with Europe - KordaAttributionGolfPosted18 hours ago18hComments51,US team has 'unfinished business' with Europe - KordaAttributionGolfPosted18 hours ago18hComments51,https://www.bbc.com/sport/golf/articles/c20lx1m00n8o
10-09-2024,BBC,Golf,Europe warned to expect hostile Solheim Cup atmosphereAttributionGolfPosted1 day ago1d,Europe warned to expect hostile Solheim Cup atmosphereAttributionGolfPosted1 day ago1d,Europe warned to expect hostile Solheim Cup atmosphereAttributionGolfPosted1 day ago1d,https://www.bbc.com/sport/golf/articles/c5y3nv5dd3xo
09-09-2024,BBC,Golf,The Solheim Cup 2024: All you need to know as US host EuropeAttributionGolfPosted2 days ago2d,The Solheim Cup 2024: All you need to know as US host EuropeAttributionGolfPosted2 days ago2d,The Solheim Cup 2024: All you need to know as US host EuropeAttributionGolfPosted2 days ago2d,https://www.bbc.com/sport/golf/articles/cwyjengv88xo
10-09-2024,BBC,Golf,All you need to know about the 2024 Irish Open AttributionGolfPosted1 day ago1d,All you need to know about the 2024 Irish Open AttributionGolfPosted1 day ago1d,All you need to know about the 2024 Irish Open AttributionGolfPosted1 day ago1d,https://www.bbc.com/sport/golf/articles/cj62jxj3wn1o
10-09-2024,BBC,Golf,McKibbin braced for 'difficult' Irish Open testAttributionGolfPosted20 hours ago20h,McKibbin braced for 'difficult' Irish Open testAttributionGolfPosted20 hours ago20h,McKibbin braced for 'difficult' Irish Open testAttributionGolfPosted20 hours ago20h,https://www.bbc.com/sport/golf/articles/cjrdey0jz18o
09-09-2024,BBC,Golf,Wallace wins European Masters in play-offAttributionGolfPosted2 days ago2d,Wallace wins European Masters in play-offAttributionGolfPosted2 days ago2d,Wallace wins European Masters in play-offAttributionGolfPosted2 days ago2d,https://www.bbc.com/sport/golf/articles/ckg20gzppkwo
08-09-2024,BBC,Golf,Wallace retains lead at 'brutal' European MastersAttributionGolfPosted3 days ago3d,Wallace retains lead at 'brutal' European MastersAttributionGolfPosted3 days ago3d,Wallace retains lead at 'brutal' European MastersAttributionGolfPosted3 days ago3d,https://www.bbc.com/sport/golf/articles/cy84zr5z87jo
06-09-2024,BBC,Golf,Horschel pulls out of Irish Open because of injuryAttributionGolfPosted5 days ago5d,Horschel pulls out of Irish Open because of injuryAttributionGolfPosted5 days ago5d,Horschel pulls out of Irish Open because of injuryAttributionGolfPosted5 days ago5d,https://www.bbc.com/sport/golf/articles/cj356p4g7p5o
05-09-2024,BBC,Golf,McIlroy & Scheffler to face DeChambeau & Koepka in TV contestAttributionGolfPosted6 days ago4 SepComments218,McIlroy & Scheffler to face DeChambeau & Koepka in TV contestAttributionGolfPosted6 days ago4 SepComments218,McIlroy & Scheffler to face DeChambeau & Koepka in TV contestAttributionGolfPosted6 days ago4 SepComments218,https://www.bbc.com/sport/golf/articles/cgl23721z89o
02-09-2024,BBC,Golf,'A quartet of wins that show money doesn't buy golfing glory',"Sunday saw four different events of varying monetary value conclude, but each demonstrated the joy of emerging victorious from the heat of competition, writes Iain Carter.AttributionGolfPosted2 September2 SepComments197","'A quartet of wins that show money doesn't buy golfing glory'Sunday saw four different events of varying monetary value conclude, but each demonstrated the joy of emerging victorious from the heat of competition, writes Iain Carter.AttributionGolfPosted2 September2 SepComments197",https://www.bbc.com/sport/golf/articles/c62rez059jno
26-08-2024,BBC,Golf,'Ko's career highlight win banishes under-achiever tag'AttributionGolfPosted26 August26 AugComments152,'Ko's career highlight win banishes under-achiever tag'AttributionGolfPosted26 August26 AugComments152,'Ko's career highlight win banishes under-achiever tag'AttributionGolfPosted26 August26 AugComments152,https://www.bbc.com/sport/golf/articles/c623v5kxkvko
05-08-2024,BBC,Golf,"'Great crowds, a stellar leaderboard and true sporting legacy'AttributionOlympic GamesPosted5 August5 AugComments254","'Great crowds, a stellar leaderboard and true sporting legacy'AttributionOlympic GamesPosted5 August5 AugComments254","'Great crowds, a stellar leaderboard and true sporting legacy'AttributionOlympic GamesPosted5 August5 AugComments254",https://www.bbc.com/sport/olympics/articles/c75nnzw4241o
19-07-2024,BBC,Golf,'Low-key sympathy as good as it gets for diminished Woods'AttributionGolfPosted19 July19 Jul,'Low-key sympathy as good as it gets for diminished Woods'AttributionGolfPosted19 July19 Jul,'Low-key sympathy as good as it gets for diminished Woods'AttributionGolfPosted19 July19 Jul,https://www.bbc.com/sport/golf/articles/c4ng0rx2z69o
17-07-2024,BBC,Golf,The Postage Stamp: A simple hole with a severe priceAttributionGolfPosted17 July17 Jul,The Postage Stamp: A simple hole with a severe priceAttributionGolfPosted17 July17 Jul,The Postage Stamp: A simple hole with a severe priceAttributionGolfPosted17 July17 Jul,https://www.bbc.com/sport/golf/articles/c4ngw2x812go
19-07-2024,BBC,Golf,"'At one point, it was about getting round under 90'AttributionGolfPosted19 July19 Jul","'At one point, it was about getting round under 90'AttributionGolfPosted19 July19 Jul","'At one point, it was about getting round under 90'AttributionGolfPosted19 July19 Jul",https://www.bbc.com/sport/golf/articles/cqv5y48y8z1o
10-09-2024,BBC,Athletics,Ex-partner who killed Ugandan athlete dies from burns,Rebecca Cheptegei was set alight and later died after Dickson Ndiema ambushed her near her home.AttributionAfricaPosted21 hours ago21h,Ex-partner who killed Ugandan athlete dies from burnsRebecca Cheptegei was set alight and later died after Dickson Ndiema ambushed her near her home.AttributionAfricaPosted21 hours ago21h,https://www.bbc.com/news/articles/cx2e8el7wxlo
10-09-2024,BBC,Athletics,Glasgow 2026 bid has 'reputational and financial' riskAttributionCommonwealth GamesPosted21 hours ago21h,Glasgow 2026 bid has 'reputational and financial' riskAttributionCommonwealth GamesPosted21 hours ago21h,Glasgow 2026 bid has 'reputational and financial' riskAttributionCommonwealth GamesPosted21 hours ago21h,https://www.bbc.com/sport/articles/cj62l77z014o
08-09-2024,BBC,Athletics,Scott finishes second and McColgan fifth in Great North RunAttributionAthleticsPosted3 days ago3d,Scott finishes second and McColgan fifth in Great North RunAttributionAthleticsPosted3 days ago3d,Scott finishes second and McColgan fifth in Great North RunAttributionAthleticsPosted3 days ago3d,https://www.bbc.com/sport/athletics/articles/c89wj471dzvo
09-09-2024,BBC,Athletics,Kerr smashes 43-year record in winning 5th Avenue MileAttributionAthleticsPosted2 days ago2d,Kerr smashes 43-year record in winning 5th Avenue MileAttributionAthleticsPosted2 days ago2d,Kerr smashes 43-year record in winning 5th Avenue MileAttributionAthleticsPosted2 days ago2d,https://www.bbc.com/sport/athletics/articles/ce81r9e8pe0o
08-09-2024,BBC,Athletics,GB's Cockroft wins 800m for ninth Paralympic goldAttributionDisability SportPosted3 days ago3d,GB's Cockroft wins 800m for ninth Paralympic goldAttributionDisability SportPosted3 days ago3d,GB's Cockroft wins 800m for ninth Paralympic goldAttributionDisability SportPosted3 days ago3d,https://www.bbc.com/sport/articles/c7v54mrv053o
08-09-2024,BBC,Athletics,"I saw athlete on fire running towards me after attack, neighbour tells BBCAttributionAfricaPosted3 days ago3d","I saw athlete on fire running towards me after attack, neighbour tells BBCAttributionAfricaPosted3 days ago3d","I saw athlete on fire running towards me after attack, neighbour tells BBCAttributionAfricaPosted3 days ago3d",https://www.bbc.com/news/articles/czjyzv4l711o
07-09-2024,BBC,Athletics,Woodhall claims Paralympic gold month after wife's Olympic triumphAttributionDisability SportPosted4 days ago4d,Woodhall claims Paralympic gold month after wife's Olympic triumphAttributionDisability SportPosted4 days ago4d,Woodhall claims Paralympic gold month after wife's Olympic triumphAttributionDisability SportPosted4 days ago4d,https://www.bbc.com/sport/athletics/articles/cj9lxew2377o
07-09-2024,BBC,Athletics,Sandilands wins Paralympic gold in world-record timeAttributionDisability SportPosted4 days ago4d,Sandilands wins Paralympic gold in world-record timeAttributionDisability SportPosted4 days ago4d,Sandilands wins Paralympic gold in world-record timeAttributionDisability SportPosted4 days ago4d,https://www.bbc.com/sport/articles/c05jq287d12o
07-09-2024,BBC,Athletics,Paris to honour Olympic runner set on fire by ex-boyfriendAttributionWorldPosted4 days ago4d,Paris to honour Olympic runner set on fire by ex-boyfriendAttributionWorldPosted4 days ago4d,Paris to honour Olympic runner set on fire by ex-boyfriendAttributionWorldPosted4 days ago4d,https://www.bbc.com/news/articles/c05jqq47ynmo
06-09-2024,BBC,Athletics,GB's Pembroke wins javelin gold with new world recordAttributionDisability SportPosted5 days ago5d,GB's Pembroke wins javelin gold with new world recordAttributionDisability SportPosted5 days ago5d,GB's Pembroke wins javelin gold with new world recordAttributionDisability SportPosted5 days ago5d,https://www.bbc.com/sport/athletics/articles/cpqj8d7zpy0o
06-09-2024,BBC,Athletics,Richardson beats Alfred in 100m as Olympians shineAttributionAthleticsPosted5 days ago5d,Richardson beats Alfred in 100m as Olympians shineAttributionAthleticsPosted5 days ago5d,Richardson beats Alfred in 100m as Olympians shineAttributionAthleticsPosted5 days ago5d,https://www.bbc.com/sport/athletics/articles/cn49n7lgjgqo
20-08-2024,BBC,Athletics,East v West - Germany's drug-fuelled Cold War for medals,"At the end of the Cold War, East Germany's systematic doping secrets spilled out. The truth on the other side of the Berlin Wall has taken longer to emerge.AttributionOlympic GamesPosted20 August20 Aug","East v West - Germany's drug-fuelled Cold War for medalsAt the end of the Cold War, East Germany's systematic doping secrets spilled out. The truth on the other side of the Berlin Wall has taken longer to emerge.AttributionOlympic GamesPosted20 August20 Aug",https://www.bbc.com/sport/olympics/articles/crlrn9re3z5o
13-08-2024,BBC,Athletics,How can Africa improve its performance for LA 2028?AttributionOlympic GamesPosted13 August13 Aug,How can Africa improve its performance for LA 2028?AttributionOlympic GamesPosted13 August13 Aug,How can Africa improve its performance for LA 2028?AttributionOlympic GamesPosted13 August13 Aug,https://www.bbc.com/sport/olympics/articles/c4gdwy72ee5o
09-08-2024,BBC,Athletics,'Glad I didn't give up' - Johnson-Thompson's Olympic silver joyAttributionOlympic GamesPosted9 August9 Aug,'Glad I didn't give up' - Johnson-Thompson's Olympic silver joyAttributionOlympic GamesPosted9 August9 Aug,'Glad I didn't give up' - Johnson-Thompson's Olympic silver joyAttributionOlympic GamesPosted9 August9 Aug,https://www.bbc.com/sport/olympics/articles/c23l8z9e2d9o
06-08-2024,BBC,Athletics,The orphaned refugee planning to make Olympic historyAttributionOlympic GamesPosted6 August6 Aug,The orphaned refugee planning to make Olympic historyAttributionOlympic GamesPosted6 August6 Aug,The orphaned refugee planning to make Olympic historyAttributionOlympic GamesPosted6 August6 Aug,https://www.bbc.com/sport/olympics/articles/cd1dp0dzgl8o
05-08-2024,BBC,Athletics,How Lyles' torso decided greatest Olympics 100m finalAttributionOlympic GamesPosted5 August5 AugComments723,How Lyles' torso decided greatest Olympics 100m finalAttributionOlympic GamesPosted5 August5 AugComments723,How Lyles' torso decided greatest Olympics 100m finalAttributionOlympic GamesPosted5 August5 AugComments723,https://www.bbc.com/sport/olympics/articles/clwyy8jwp2go
08-07-2024,BBC,Athletics,'Ten Second Showdown' - five incredible 100m racesAttributionOlympic GamesPosted8 July8 Jul,'Ten Second Showdown' - five incredible 100m racesAttributionOlympic GamesPosted8 July8 Jul,'Ten Second Showdown' - five incredible 100m racesAttributionOlympic GamesPosted8 July8 Jul,https://www.bbc.com/sport/athletics/articles/c3g0p926569o
09-09-2024,BBC,Cycling,Tour of Britain winner Williams aims for 'peak' success,AttributionCyclingPosted2 days ago2d,Tour of Britain winner Williams aims for 'peak' successAttributionCyclingPosted2 days ago2d,https://www.bbc.com/sport/cycling/articles/crkmyz8866vo
09-09-2024,BBC,Cycling,Roglic wins record-equalling fourth Vuelta titleAttributionCyclingPosted2 days ago2d,Roglic wins record-equalling fourth Vuelta titleAttributionCyclingPosted2 days ago2d,Roglic wins record-equalling fourth Vuelta titleAttributionCyclingPosted2 days ago2d,https://www.bbc.com/sport/cycling/articles/cze5ze41lkro
09-09-2024,BBC,Cycling,GB's Williams claims Tour of Britain victoryAttributionCyclingPosted2 days ago2d,GB's Williams claims Tour of Britain victoryAttributionCyclingPosted2 days ago2d,GB's Williams claims Tour of Britain victoryAttributionCyclingPosted2 days ago2d,https://www.bbc.com/sport/cycling/articles/cql3n33kg7qo
08-09-2024,BBC,Cycling,Dunbar wins stage as Roglic all but seals VueltaAttributionCyclingPosted3 days ago3d,Dunbar wins stage as Roglic all but seals VueltaAttributionCyclingPosted3 days ago3d,Dunbar wins stage as Roglic all but seals VueltaAttributionCyclingPosted3 days ago3d,https://www.bbc.com/sport/cycling/articles/credr5deynro
08-09-2024,BBC,Cycling,"Magnier seals hat-trick of Tour of Britain stage wins, Williams leadsAttributionCyclingPosted3 days ago3d","Magnier seals hat-trick of Tour of Britain stage wins, Williams leadsAttributionCyclingPosted3 days ago3d","Magnier seals hat-trick of Tour of Britain stage wins, Williams leadsAttributionCyclingPosted3 days ago3d",https://www.bbc.com/sport/cycling/articles/cm237z131lno
06-09-2024,BBC,Cycling,Storey wins 19th Paralympic gold in thrilling road raceAttributionDisability SportPosted5 days ago5d,Storey wins 19th Paralympic gold in thrilling road raceAttributionDisability SportPosted5 days ago5d,Storey wins 19th Paralympic gold in thrilling road raceAttributionDisability SportPosted5 days ago5d,https://www.bbc.com/sport/cycling/articles/ce8d5l77rg1o
07-09-2024,BBC,Cycling,Roglic wins stage 19 to take Vuelta lead off O'ConnorAttributionCyclingPosted4 days ago4d,Roglic wins stage 19 to take Vuelta lead off O'ConnorAttributionCyclingPosted4 days ago4d,Roglic wins stage 19 to take Vuelta lead off O'ConnorAttributionCyclingPosted4 days ago4d,https://www.bbc.com/sport/cycling/articles/cr7rkd5j1xpo
07-09-2024,BBC,Cycling,Magnier wins stage four of Tour of BritainAttributionCyclingPosted4 days ago4d,Magnier wins stage four of Tour of BritainAttributionCyclingPosted4 days ago4d,Magnier wins stage four of Tour of BritainAttributionCyclingPosted4 days ago4d,https://www.bbc.com/sport/cycling/articles/cwy7mzw8gdyo
06-09-2024,BBC,Cycling,Berrade wins Vuelta stage 18 with late solo attackAttributionCyclingPosted5 days ago5d,Berrade wins Vuelta stage 18 with late solo attackAttributionCyclingPosted5 days ago5d,Berrade wins Vuelta stage 18 with late solo attackAttributionCyclingPosted5 days ago5d,https://www.bbc.com/sport/cycling/articles/c1m01edkdyjo
06-09-2024,BBC,Cycling,Injured Van Aert to miss rest of the seasonAttributionCyclingPosted5 days ago5d,Injured Van Aert to miss rest of the seasonAttributionCyclingPosted5 days ago5d,Injured Van Aert to miss rest of the seasonAttributionCyclingPosted5 days ago5d,https://www.bbc.com/sport/cycling/articles/c4gqkrrw8eyo
06-09-2024,BBC,Cycling,Williams wins back-to-back Tour of Britain stagesAttributionCyclingPosted5 days ago5d,Williams wins back-to-back Tour of Britain stagesAttributionCyclingPosted5 days ago5d,Williams wins back-to-back Tour of Britain stagesAttributionCyclingPosted5 days ago5d,https://www.bbc.com/sport/cycling/articles/c23l502g014o
05-09-2024,BBC,Cycling,Groves takes third win of 2024 Vuelta on stage 17AttributionCyclingPosted6 days ago4 Sep,Groves takes third win of 2024 Vuelta on stage 17AttributionCyclingPosted6 days ago4 Sep,Groves takes third win of 2024 Vuelta on stage 17AttributionCyclingPosted6 days ago4 Sep,https://www.bbc.com/sport/cycling/articles/c17gy24vy5po
05-09-2024,BBC,Cycling,Wales' Williams wins Tour of Britain stage two,Wales' Stephen Williams outsprints Julian Alaphilippe to win stage two of the Tour of Britain in Redcar and claim the overall lead.AttributionCyclingPosted6 days ago4 Sep,Wales' Williams wins Tour of Britain stage twoWales' Stephen Williams outsprints Julian Alaphilippe to win stage two of the Tour of Britain in Redcar and claim the overall lead.AttributionCyclingPosted6 days ago4 Sep,https://www.bbc.com/sport/cycling/articles/c0e8y2j7vn8o
03-09-2024,BBC,Cycling,Van Aert abandons Vuelta after crash as Soler wins stageAttributionCyclingPosted3 September3 Sep,Van Aert abandons Vuelta after crash as Soler wins stageAttributionCyclingPosted3 September3 Sep,Van Aert abandons Vuelta after crash as Soler wins stageAttributionCyclingPosted3 September3 Sep,https://www.bbc.com/sport/cycling/articles/cwyj0x8jy2jo
04-09-2024,BBC,Cycling,Storey wins 18th Paralympic gold on 'appalling' courseAttributionDisability SportPosted7 days ago4 Sep,Storey wins 18th Paralympic gold on 'appalling' courseAttributionDisability SportPosted7 days ago4 Sep,Storey wins 18th Paralympic gold on 'appalling' courseAttributionDisability SportPosted7 days ago4 Sep,https://www.bbc.com/sport/cycling/articles/cj4xgyze8pyo
03-09-2024,BBC,Cycling,Magnier wins Tour of Britain opening stageAttributionCyclingPosted3 September3 Sep,Magnier wins Tour of Britain opening stageAttributionCyclingPosted3 September3 Sep,Magnier wins Tour of Britain opening stageAttributionCyclingPosted3 September3 Sep,https://www.bbc.com/sport/cycling/articles/cy84dxxrmjzo
03-09-2024,BBC,Cycling,Saddling up on the high seas - the cyclists powering 50-mph yachtsPosted3 September3 SepComments207,Saddling up on the high seas - the cyclists powering 50-mph yachtsPosted3 September3 SepComments207,Saddling up on the high seas - the cyclists powering 50-mph yachtsPosted3 September3 SepComments207,https://www.bbc.com/sport/articles/c4ngydm1x55o
01-09-2024,BBC,Cycling,Pidcock claims UCI MTB world bronze as Hatherly winsAttributionCyclingPosted1 September1 Sep,Pidcock claims UCI MTB world bronze as Hatherly winsAttributionCyclingPosted1 September1 Sep,Pidcock claims UCI MTB world bronze as Hatherly winsAttributionCyclingPosted1 September1 Sep,https://www.bbc.com/sport/cycling/articles/c5yd7d41nzzo
01-09-2024,BBC,Cycling,"Castrillo wins Vuelta stage 15, Roglic closes on O'ConnorAttributionCyclingPosted1 September1 Sep","Castrillo wins Vuelta stage 15, Roglic closes on O'ConnorAttributionCyclingPosted1 September1 Sep","Castrillo wins Vuelta stage 15, Roglic closes on O'ConnorAttributionCyclingPosted1 September1 Sep",https://www.bbc.com/sport/cycling/articles/c86le6e8e0xo
